Workbook

Sheet annot_records
A1: 样品ID | B1: 标注类型 | C1: 标注序号 | D1: 峰起点X | E1: 峰起点Y | F1: 峰值点X | G1: 峰值点Y | H1: 峰终点X | I1: 峰终点Y | J1: 重叠峰起点X | K1: 重叠峰起点Y | L1: 重叠峰终点X | M1: 重叠峰终点Y | N1: 重叠峰数量 | O1: 总面积 | P1: 截图文件名 | Q1: 标注日期 | R1: 备注
A2: 1 | B2: 峰标注 | C2: 1 | D2: 211 | E2: 123 | F2: 216 | G2: 1197 | H2: 229 | I2: 246 | P2: sample_1_peak_1_(211-216-229).png | Q2: 20260120 | R2: 峰1：起点(211,123.0) 峰值(216,1197.0) 终点(229,246.0)
A3: 1 | B3: 重叠峰标注 | C3: 1 | J3: 397 | K3: 573 | L3: 433 | M3: 794 | N3: 3 | O3: 31598 | P3: sample_1_overlap_1_(397-433).png | Q3: 20260120 | R3: 重叠峰1：起点(397,573.0) 终点(433,794.0) 总面积=31598.0000 重叠峰数量：3
A4: 1 | B4: 峰标注 | C4: 2 | D4: 526 | E4: 862 | F4: 544 | G4: 1364 | H4: 560 | I4: 947 | P4: sample_1_peak_2_(526-544-560).png | Q4: 20260120 | R4: 峰2：起点(526,862.0) 峰值(544,1364.0) 终点(560,947.0)
A5: 2 | B5: 峰标注 | C5: 1 | D5: 210 | E5: 116 | F5: 215 | G5: 1857 | H5: 228 | I5: 244 | P5: sample_2_peak_1_(210-215-228).png | Q5: 20260120 | R5: 峰1：起点(210,116.0) 峰值(215,1857.0) 终点(228,244.0)
A6: 2 | B6: 重叠峰标注 | C6: 1 | J6: 399 | K6: 515 | L6: 422 | M6: 991 | N6: 2 | O6: 21586 | P6: sample_2_overlap_1_(399-422).png | Q6: 20260120 | R6: 重叠峰1：起点(399,515.0) 终点(422,991.0000000000001) 总面积=21586.0000 重叠峰数量：2
A7: 2 | B7: 峰标注 | C7: 2 | D7: 524 | E7: 974 | F7: 543 | G7: 1902 | H7: 565 | I7: 998 | P7: sample_2_peak_2_(524-543-565).png | Q7: 20260120 | R7: 峰2：起点(524,974.0) 峰值(543,1902.0) 终点(565,998.0)
A8: 3 | B8: 重叠峰标注 | C8: 1 | J8: 202 | K8: 151 | L8: 236 | M8: 387 | N8: 4 | O8: 25567 | P8: sample_3_overlap_1_(202-236).png | Q8: 20260120 | R8: 重叠峰1：起点(202,151.0) 终点(236,387.0) 总面积=25567.0000 重叠峰数量：4
A9: 3 | B9: 重叠峰标注 | C9: 2 | J9: 402 | K9: 541 | L9: 434 | M9: 1094 | N9: 2 | O9: 39468 | P9: sample_3_overlap_2_(402-434).png | Q9: 20260120 | R9: 重叠峰2：起点(402,541.0) 终点(434,1094.0) 总面积=39468.0000 重叠峰数量：2
A10: 3 | B10: 峰标注 | C10: 1 | D10: 525 | E10: 970 | F10: 542 | G10: 1465 | H10: 570 | I10: 951 | P10: sample_3_peak_1_(525-542-560).png | Q10: 20260120 | R10: 峰1：起点(525,970.0000000000001) 峰值(542,1465.0) 终点(560,985.0000000000001)
A11: 4 | B11: 峰标注 | C11: 1 | D11: 210 | E11: 111 | F11: 215 | G11: 1187 | H11: 225 | I11: 248 | P11: sample_4_peak_1_(210-215-225).png | Q11: 20260120 | R11: 峰1：起点(210,111.0) 峰值(215,1187.0) 终点(225,248.0)
A12: 4 | B12: 峰标注 | C12: 2 | D12: 320 | E12: 284 | F12: 323 | G12: 547 | H12: 328 | I12: 297 | P12: sample_4_peak_2_(320-323-328).png | Q12: 20260120 | R12: 峰2：起点(320,284.0) 峰值(323,547.0) 终点(328,297.0)
A13: 4 | B13: 峰标注 | C13: 3 | D13: 525 | E13: 989 | F13: 548 | G13: 2626 | H13: 569 | I13: 936 | P13: sample_4_peak_3_(525-548-569).png | Q13: 20260120 | R13: 峰3：起点(525,989.0) 峰值(548,2626.0) 终点(569,936.0)
A14: 5 | B14: 峰标注 | C14: 1 | D14: 210 | E14: 222 | F14: 214 | G14: 2430 | H14: 224 | I14: 325 | P14: sample_5_peak_1_(210-214-224).png | Q14: 20260120 | R14: 峰1：起点(210,222.0) 峰值(214,2430.0) 终点(224,325.0)
A15: 5 | B15: 峰标注 | C15: 2 | D15: 386 | E15: 692 | F15: 400 | G15: 1309 | H15: 405 | I15: 891 | P15: sample_5_peak_2_(386-400-405).png | Q15: 20260120 | R15: 峰2：起点(386,692.0) 峰值(400,1309.0) 终点(405,890.9999999999999)
A16: 5 | B16: 峰标注 | C16: 3 | D16: 405 | E16: 891 | F16: 415 | G16: 5376 | H16: 424 | I16: 1362 | P16: sample_5_peak_3_(405-415-424).png | Q16: 20260120 | R16: 峰3：起点(405,890.9999999999999) 峰值(415,5376.0) 终点(424,1362.0)
A17: 5 | B17: 峰标注 | C17: 4 | D17: 521 | E17: 1246 | F17: 543 | G17: 3251 | H17: 566 | I17: 1103 | P17: sample_5_peak_4_(521-543-566).png | Q17: 20260120 | R17: 峰4：起点(521,1246.0) 峰值(543,3251.0) 终点(566,1103.0)
A18: 6 | B18: 峰标注 | C18: 1 | D18: 212 | E18: 514 | F18: 214 | G18: 2430 | H18: 224 | I18: 325 | P18: sample_6_peak_1_(212-214-224).png | Q18: 20260120 | R18: 峰1：起点(212,514.0) 峰值(214,2430.0) 终点(224,325.0)
A19: 6 | B19: 峰标注 | C19: 2 | D19: 386 | E19: 692 | F19: 401 | G19: 1170 | H19: 404 | I19: 910 | P19: sample_6_peak_2_(386-401-404).png | Q19: 20260120 | R19: 峰2：起点(386,692.0) 峰值(401,1170.0) 终点(404,910.0)
A20: 6 | B20: 峰标注 | C20: 3 | D20: 407 | E20: 954 | F20: 414 | G20: 6518 | H20: 424 | I20: 1362 | P20: sample_6_peak_3_(407-414-424).png | Q20: 20260120 | R20: 峰3：起点(407,954.0) 峰值(414,6518.0) 终点(424,1362.0)
A21: 6 | B21: 峰标注 | C21: 4 | D21: 521 | E21: 1246 | F21: 544 | G21: 3235 | H21: 564 | I21: 1144 | P21: sample_6_peak_4_(521-544-564).png | Q21: 20260120 | R21: 峰4：起点(521,1246.0) 峰值(544,3235.0) 终点(564,1144.0)
... A31: 16 | B31: 峰标注 | C31: 1 | D31: 266 | E31: 2276 | F31: 283 | G31: 3252 | H31: 299 | I31: 2525 | P31: sample_16_peak_1_(266-283-299).png | Q31: 20260120 | R31: 峰1：起点(266,2276.0) 峰值(283,3252.0) 终点(299,2525.0)
A32: 17 | B32: 重叠峰标注 | C32: 1 | J32: 268 | K32: 2174 | L32: 401 | M32: 2916 | N32: 2 | O32: 408454 | P32: sample_17_overlap_1_(268-401).png | Q32: 20260120 | R32: 重叠峰1：起点(268,2174.0) 终点(401,2916.0) 总面积=408454.0000 重叠峰数量：2
A33: 18 | B33: 重叠峰标注 | C33: 1 | J33: 269 | K33: 1809 | L33: 372 | M33: 2737 | N33: 2 | O33: 268892 | P33: sample_18_overlap_1_(269-372).png | Q33: 20260120 | R33: 重叠峰1：起点(269,1809.0) 终点(372,2737.0) 总面积=268892.0000 重叠峰数量：2
A34: 19 | B34: 重叠峰标注 | C34: 1 | J34: 146 | K34: 2437 | L34: 176 | M34: 3052 | N34: 3 | O34: 98109 | P34: sample_19_overlap_1_(146-176).png | Q34: 20260120 | R34: 重叠峰1：起点(146,2437.0) 终点(176,3052.0) 总面积=98109.0000 重叠峰数量：3
A35: 19 | B35: 重叠峰标注 | C35: 2 | J35: 177 | K35: 3079 | L35: 199 | M35: 2869 | N35: 2 | O35: 86224 | P35: sample_19_overlap_2_(177-199).png | Q35: 20260120 | R35: 重叠峰2：起点(177,3079.0) 终点(199,2869.0) 总面积=86224.0000 重叠峰数量：2
A36: 19 | B36: 重叠峰标注 | C36: 3 | J36: 199 | K36: 2869 | L36: 229 | M36: 2883 | N36: 2 | O36: 100217 | P36: sample_19_overlap_3_(199-229).png | Q36: 20260120 | R36: 重叠峰3：起点(199,2869.0) 终点(229,2883.0) 总面积=100217.0000 重叠峰数量：2
A37: 19 | B37: 峰标注 | C37: 1 | D37: 229 | E37: 2883 | F37: 240 | G37: 5031 | H37: 248 | I37: 2947 | P37: sample_19_peak_1_(229-240-248).png | Q37: 20260120 | R37: 峰1：起点(229,2883.0) 峰值(240,5031.0) 终点(248,2947.0)
A38: 19 | B38: 峰标注 | C38: 2 | D38: 248 | E38: 2947 | F38: 263 | G38: 5100 | H38: 269 | I38: 2793 | P38: sample_19_peak_2_(248-263-269).png | Q38: 20260120 | R38: 峰2：起点(248,2947.0) 峰值(263,5100.0) 终点(269,2793.0)
A39: 19 | B39: 峰标注 | C39: 3 | D39: 352 | E39: 2714 | F39: 371 | G39: 4439 | H39: 382 | I39: 2649 | P39: sample_19_peak_3_(352-371-382).png | Q39: 20260120 | R39: 峰3：起点(352,2714.0) 峰值(371,4439.0) 终点(382,2649.0)
A40: 19 | B40: 重叠峰标注 | C40: 4 | J40: 418 | K40: 2925 | L40: 468 | M40: 3613 | N40: 4 | O40: 356964 | P40: sample_19_overlap_4_(418-468).png | Q40: 20260120 | R40: 重叠峰4：起点(418,2925.0) 终点(468,3613.0) 总面积=356964.0000 重叠峰数量：4
A41: 20 | B41: 重叠峰标注 | C41: 1 | J41: 181 | K41: 2962 | L41: 241 | M41: 2759 | N41: 2 | O41: 306890 | P41: sample_20_overlap_1_(181-241).png | Q41: 20260120 | R41: 重叠峰1：起点(181,2962.0) 终点(241,2759.0) 总面积=306890.0000 重叠峰数量：2
A42: 21 | B42: 峰标注 | C42: 1 | D42: 426 | E42: 3185 | F42: 433 | G42: 22019 | H42: 444 | I42: 4073 | P42: sample_21_peak_1_(426-433-444).png | Q42: 20260120 | R42: 峰1：起点(426,3185.0) 峰值(433,22019.0) 终点(444,4073.0)
A43: 21 | B43: 峰标注 | C43: 2 | D43: 448 | E43: 3878 | F43: 472 | G43: 5071 | H43: 499 | I43: 1292 | P43: sample_21_peak_2_(448-472-499).png | Q43: 20260120 | R43: 峰2：起点(448,3878.0) 峰值(472,5071.0) 终点(499,1292.0)
A44: 22 | B44: 峰标注 | C44: 1 | D44: 194 | E44: 2909 | F44: 210 | G44: 6567 | H44: 219 | I44: 2836 | P44: sample_22_peak_1_(194-210-219).png | Q44: 20260120 | R44: 峰1：起点(194,2909.0) 峰值(210,6567.0) 终点(219,2836.0)
A45: 22 | B45: 峰标注 | C45: 2 | D45: 426 | E45: 3098 | F45: 431 | G45: 22098 | H45: 440 | I45: 4012 | P45: sample_22_peak_2_(426-431-440).png | Q45: 20260120 | R45: 峰2：起点(426,3098.0) 峰值(431,22098.0) 终点(440,4012.0)
A46: 22 | B46: 峰标注 | C46: 3 | D46: 442 | E46: 3756 | F46: 474 | G46: 4907 | H46: 499 | I46: 1264 | P46: sample_22_peak_3_(442-474-499).png | Q46: 20260120 | R46: 峰3：起点(442,3756.0) 峰值(474,4907.0) 终点(499,1264.0)
A47: 23 | B47: 峰标注 | C47: 1 | D47: 194 | E47: 3069 | F47: 208 | G47: 5822 | H47: 216 | I47: 3000 | P47: sample_23_peak_1_(194-208-216).png | Q47: 20260120 | R47: 峰1：起点(194,3069.0) 峰值(208,5822.0) 终点(216,3000.0)
A48: 23 | B48: 峰标注 | C48: 2 | D48: 424 | E48: 3630 | F48: 430 | G48: 23328 | H48: 439 | I48: 4433 | P48: sample_23_peak_2_(424-430-439).png | Q48: 20260120 | R48: 峰2：起点(424,3630.0) 峰值(430,23328.0) 终点(439,4433.0)
A49: 24 | B49: 峰标注 | C49: 1 | D49: 190 | E49: 3139 | F49: 209 | G49: 7139 | H49: 222 | I49: 3143 | P49: sample_24_peak_1_(190-209-222).png | Q49: 20260120 | R49: 峰1：起点(190,3139.0) 峰值(209,7139.0) 终点(222,3143.0)
A50: 24 | B50: 峰标注 | C50: 2 | D50: 421 | E50: 3257 | F50: 426 | G50: 15618 | H50: 439 | I50: 4042 | P50: sample_24_peak_2_(421-426-439).png | Q50: 20260120 | R50: 峰2：起点(421,3257.0) 峰值(426,15618.0) 终点(439,4042.0)
A51: 25 | B51: 峰标注 | C51: 1 | D51: 99 | E51: 2025 | F51: 116 | G51: 3260 | H51: 124 | I51: 2704 | P51: sample_25_peak_1_(99-116-124).png | Q51: 20260120 | R51: 峰1：起点(99,2025.0) 峰值(116,3260.0) 终点(124,2704.0)
A52: 25 | B52: 峰标注 | C52: 2 | D52: 201 | E52: 2826 | F52: 210 | G52: 3145 | H52: 221 | I52: 3047 | P52: sample_25_peak_2_(201-210-221).png | Q52: 20260120 | R52: 峰2：起点(201,2826.0) 峰值(210,3145.0) 终点(221,3047.0)
A53: 25 | B53: 峰标注 | C53: 3 | D53: 348 | E53: 3334 | F53: 362 | G53: 3542 | H53: 373 | I53: 3327 | P53: sample_25_peak_3_(348-362-373).png | Q53: 20260120 | R53: 峰3：起点(348,3334.0) 峰值(362,3542.0) 终点(373,3327.0)
... A60: 28 | B60: 峰标注 | C60: 1 | D60: 95 | E60: 2809 | F60: 104 | G60: 4401 | H60: 108 | I60: 3561 | P60: sample_28_peak_1_(95-104-108).png | Q60: 20260120 | R60: 峰1：起点(95,2809.0) 峰值(104,4401.0) 终点(108,3561.0)
A61: 28 | B61: 重叠峰标注 | C61: 1 | J61: 184 | K61: 3622 | L61: 209 | M61: 3878 | N61: 2 | O61: 100460 | P61: sample_28_overlap_1_(184-209).png | Q61: 20260120 | R61: 重叠峰1：起点(184,3622.0) 终点(209,3878.0) 总面积=100460.0000 重叠峰数量：2
A62: 28 | B62: 峰标注 | C62: 2 | D62: 338 | E62: 4406 | F62: 360 | G62: 5928 | H62: 375 | I62: 4371 | P62: sample_28_peak_2_(338-360-375).png | Q62: 20260120 | R62: 峰2：起点(338,4406.0) 峰值(360,5928.0) 终点(375,4371.0)
A63: 29 | B63: 峰标注 | C63: 1 | D63: 94 | E63: 2788 | F63: 104 | G63: 4685 | H63: 109 | I63: 3412 | P63: sample_29_peak_1_(94-104-109).png | Q63: 20260120 | R63: 峰1：起点(94,2788.0) 峰值(104,4685.0) 终点(109,3412.0)
A64: 29 | B64: 峰标注 | C64: 2 | D64: 337 | E64: 4529 | F64: 363 | G64: 7249 | H64: 375 | I64: 4558 | P64: sample_29_peak_2_(337-363-375).png | Q64: 20260120 | R64: 峰2：起点(337,4529.0) 峰值(363,7249.0) 终点(375,4558.0)
A65: 30 | B65: 峰标注 | C65: 1 | D65: 91 | E65: 3027 | F65: 103 | G65: 5780 | H65: 111 | I65: 3631 | P65: sample_30_peak_1_(91-103-111).png | Q65: 20260120 | R65: 峰1：起点(91,3027.0) 峰值(103,5780.0) 终点(111,3631.0)
A66: 30 | B66: 重叠峰标注 | C66: 1 | J66: 220 | K66: 4404 | L66: 252 | M66: 4533 | N66: 2 | O66: 157607 | P66: sample_30_overlap_1_(220-252).png | Q66: 20260120 | R66: 重叠峰1：起点(220,4404.0) 终点(252,4533.0) 总面积=157607.0000 重叠峰数量：2
A67: 30 | B67: 峰标注 | C67: 2 | D67: 332 | E67: 5071 | F67: 367 | G67: 10885 | H67: 381 | I67: 5069 | P67: sample_30_peak_2_(332-367-381).png | Q67: 20260120 | R67: 峰2：起点(332,5071.0) 峰值(367,10885.0) 终点(381,5069.0)
A68: 31 | B68: 峰标注 | C68: 1 | D68: 92 | E68: 2948 | F68: 104 | G68: 5916 | H68: 110 | I68: 3631 | P68: sample_31_peak_1_(92-104-110).png | Q68: 20260120 | R68: 峰1：起点(92,2948.0) 峰值(104,5916.0) 终点(110,3631.0)
A69: 31 | B69: 峰标注 | C69: 2 | D69: 328 | E69: 4891 | F69: 368 | G69: 11890 | H69: 384 | I69: 5085 | P69: sample_31_peak_2_(328-368-384).png | Q69: 20260120 | R69: 峰2：起点(328,4891.0) 峰值(368,11890.0) 终点(384,5085.0)
A70: 32 | B70: 峰标注 | C70: 1 | D70: 96 | E70: 2526 | F70: 111 | G70: 4515 | H70: 118 | I70: 3230 | P70: sample_32_peak_1_(96-111-118).png | Q70: 20260120 | R70: 峰1：起点(96,2526.0) 峰值(111,4515.0) 终点(118,3230.0)
A71: 32 | B71: 峰标注 | C71: 2 | D71: 198 | E71: 3495 | F71: 203 | G71: 3965 | H71: 210 | I71: 3671 | P71: sample_32_peak_2_(198-203-210).png | Q71: 20260120 | R71: 峰2：起点(198,3495.0) 峰值(203,3965.0) 终点(210,3671.0)
A72: 32 | B72: 峰标注 | C72: 3 | D72: 340 | E72: 4009 | F72: 361 | G72: 4930 | H72: 373 | I72: 3995 | P72: sample_32_peak_3_(340-361-373).png | Q72: 20260120 | R72: 峰3：起点(340,4009.0) 峰值(361,4930.0) 终点(373,3995.0)
A73: 33 | B73: 峰标注 | C73: 1 | D73: 95 | E73: 2809 | F73: 104 | G73: 4401 | H73: 111 | I73: 3457 | P73: sample_33_peak_1_(95-104-111).png | Q73: 20260120 | R73: 峰1：起点(95,2809.0) 峰值(104,4401.0) 终点(111,3457.0)
A74: 33 | B74: 重叠峰标注 | C74: 1 | J74: 186 | K74: 3683 | L74: 209 | M74: 3878 | N74: 2 | O74: 93264 | P74: sample_33_overlap_1_(186-209).png | Q74: 20260120 | R74: 重叠峰1：起点(186,3683.0) 终点(209,3878.0) 总面积=93264.0000 重叠峰数量：2
A75: 33 | B75: 峰标注 | C75: 2 | D75: 338 | E75: 4406 | F75: 361 | G75: 5926 | H75: 372 | I75: 4464 | P75: sample_33_peak_2_(338-361-372).png | Q75: 20260120 | R75: 峰2：起点(338,4406.0) 峰值(361,5926.0) 终点(372,4464.0)
A76: 34 | B76: 峰标注 | C76: 1 | D76: 94 | E76: 2788 | F76: 104 | G76: 4685 | H76: 109 | I76: 3412 | P76: sample_34_peak_1_(94-104-109).png | Q76: 20260120 | R76: 峰1：起点(94,2788.0) 峰值(104,4685.0) 终点(109,3412.0)
A77: 34 | B77: 重叠峰标注 | C77: 1 | J77: 219 | K77: 3942 | L77: 251 | M77: 4119 | N77: 2 | O77: 137623 | P77: sample_34_overlap_1_(219-251).png | Q77: 20260120 | R77: 重叠峰1：起点(219,3942.0) 终点(251,4119.0) 总面积=137623.0000 重叠峰数量：2
A78: 34 | B78: 峰标注 | C78: 2 | D78: 338 | E78: 4583 | F78: 362 | G78: 7236 | H78: 375 | I78: 4558 | P78: sample_34_peak_2_(338-362-375).png | Q78: 20260120 | R78: 峰2：起点(338,4583.0) 峰值(362,7236.0) 终点(375,4558.0)
A79: 35 | B79: 峰标注 | C79: 1 | D79: 91 | E79: 3027 | F79: 104 | G79: 5877 | H79: 111 | I79: 3631 | P79: sample_35_peak_1_(91-104-111).png | Q79: 20260120 | R79: 峰1：起点(91,3027.0) 峰值(104,5877.0) 终点(111,3631.0)
A80: 35 | B80: 峰标注 | C80: 2 | D80: 334 | E80: 5173 | F80: 366 | G80: 10910 | H80: 380 | I80: 5137 | P80: sample_35_peak_2_(334-366-380).png | Q80: 20260120 | R80: 峰2：起点(334,5173.0) 峰值(366,10910.0) 终点(380,5137.0)
A81: 36 | B81: 峰标注 | C81: 1 | D81: 91 | E81: 2856 | F81: 104 | G81: 5916 | H81: 110 | I81: 3631 | P81: sample_36_peak_1_(91-104-110).png | Q81: 20260120 | R81: 峰1：起点(91,2856.0) 峰值(104,5916.0) 终点(110,3631.0)
A82: 36 | B82: 峰标注 | C82: 2 | D82: 336 | E82: 5317 | F82: 368 | G82: 11890 | H82: 383 | I82: 5148 | P82: sample_36_peak_2_(336-368-383).png | Q82: 20260120 | R82: 峰2：起点(336,5317.0) 峰值(368,11890.0) 终点(383,5148.0)
A83: 37 | B83: 峰标注 | C83: 1 | D83: 153 | E83: 3816 | F83: 157 | G83: 3901 | H83: 161 | I83: 3778 | P83: sample_37_peak_1_(153-157-161).png | Q83: 20260120 | R83: 峰1：起点(153,3816.0) 峰值(157,3901.0) 终点(161,3778.0)
A84: 37 | B84: 峰标注 | C84: 2 | D84: 211 | E84: 3927 | F84: 223 | G84: 4146 | H84: 236 | I84: 3887 | P84: sample_37_peak_2_(211-223-236).png | Q84: 20260120 | R84: 峰2：起点(211,3927.0) 峰值(223,4146.0) 终点(236,3887.0)
A85: 37 | B85: 峰标注 | C85: 3 | D85: 289 | E85: 3996 | F85: 293 | G85: 4134 | H85: 297 | I85: 4024 | P85: sample_37_peak_3_(289-293-297).png | Q85: 20260120 | R85: 峰3：起点(289,3996.0) 峰值(293,4134.0) 终点(297,4024.0)
A86: 38 | B86: 峰标注 | C86: 1 | D86: 61 | E86: 3603 | F86: 69 | G86: 4051 | H86: 77 | I86: 3815 | P86: sample_38_peak_1_(61-69-77).png | Q86: 20260120 | R86: 峰1：起点(61,3603.0) 峰值(69,4051.0) 终点(77,3815.0)
A87: 38 | B87: 峰标注 | C87: 2 | D87: 150 | E87: 4010 | F87: 155 | G87: 4158 | H87: 158 | I87: 3974 | P87: sample_38_peak_2_(150-155-158).png | Q87: 20260120 | R87: 峰2：起点(150,4010.0) 峰值(155,4158.0) 终点(158,3974.0)
A88: 38 | B88: 峰标注 | C88: 3 | D88: 199 | E88: 4066 | F88: 222 | G88: 4622 | H88: 236 | I88: 4147 | P88: sample_38_peak_3_(199-222-236).png | Q88: 20260120 | R88: 峰3：起点(199,4066.0) 峰值(222,4622.0) 终点(236,4147.0)
A89: 38 | B89: 峰标注 | C89: 4 | D89: 288 | E89: 4281 | F89: 292 | G89: 4437 | H89: 295 | I89: 4281 | P89: sample_38_peak_4_(288-292-295).png | Q89: 20260120 | R89: 峰4：起点(288,4281.0) 峰值(292,4437.0) 终点(295,4281.0)
... A93: 39 | B93: 峰标注 | C93: 4 | D93: 289 | E93: 4449 | F93: 291 | G93: 4672 | H93: 295 | I93: 4442 | P93: sample_39_peak_4_(289-291-295).png | Q93: 20260120 | R93: 峰4：起点(289,4449.0) 峰值(291,4672.0) 终点(295,4442.0)
A94: 40 | B94: 重叠峰标注 | C94: 1 | J94: 48 | K94: 3679 | L94: 70 | M94: 3894 | N94: 2 | O94: 89301 | P94: sample_40_overlap_1_(48-70).png | Q94: 20260120 | R94: 重叠峰1：起点(48,3679.0) 终点(70,3894.0) 总面积=89301.0000 重叠峰数量：2
A95: 40 | B95: 峰标注 | C95: 1 | D95: 147 | E95: 4144 | F95: 154 | G95: 4395 | H95: 159 | I95: 4126 | P95: sample_40_peak_1_(147-154-159).png | Q95: 20260120 | R95: 峰1：起点(147,4144.0) 峰值(154,4395.0) 终点(159,4126.0)
A96: 40 | B96: 峰标注 | C96: 2 | D96: 197 | E96: 4347 | F96: 223 | G96: 5923 | H96: 235 | I96: 4431 | P96: sample_40_peak_2_(197-223-235).png | Q96: 20260120 | R96: 峰2：起点(197,4347.0) 峰值(223,5923.0) 终点(235,4431.0)
A97: 41 | B97: 峰标注 | C97: 1 | D97: 59 | E97: 3661 | F97: 64 | G97: 3988 | H97: 70 | I97: 3861 | P97: sample_41_peak_1_(59-64-70).png | Q97: 20260120 | R97: 峰1：起点(59,3661.0) 峰值(64,3988.0) 终点(70,3861.0)
A98: 41 | B98: 峰标注 | C98: 2 | D98: 146 | E98: 4121 | F98: 152 | G98: 4350 | H98: 157 | I98: 4112 | P98: sample_41_peak_2_(146-152-157).png | Q98: 20260120 | R98: 峰2：起点(146,4121.0) 峰值(152,4350.0) 终点(157,4112.0)
A99: 41 | B99: 峰标注 | C99: 3 | D99: 199 | E99: 4494 | F99: 225 | G99: 7211 | H99: 238 | I99: 4476 | P99: sample_41_peak_3_(199-225-238).png | Q99: 20260120 | R99: 峰3：起点(199,4494.0) 峰值(225,7211.0) 终点(238,4476.0)
A100: 42 | B100: 峰标注 | C100: 1 | D100: 60 | E100: 3792 | F100: 64 | G100: 4221 | H100: 70 | I100: 4032 | P100: sample_42_peak_1_(60-64-70).png | Q100: 20260120 | R100: 峰1：起点(60,3792.0) 峰值(64,4221.0) 终点(70,4032.0)
A101: 42 | B101: 峰标注 | C101: 2 | D101: 144 | E101: 4326 | F101: 150 | G101: 4567 | H101: 155 | I101: 4367 | P101: sample_42_peak_2_(144-150-155).png | Q101: 20260120 | R101: 峰2：起点(144,4326.0) 峰值(150,4567.0) 终点(155,4367.0)
A102: 42 | B102: 峰标注 | C102: 3 | D102: 198 | E102: 5039 | F102: 229 | G102: 10620 | H102: 242 | I102: 4882 | P102: sample_42_peak_3_(198-229-242).png | Q102: 20260120 | R102: 峰3：起点(198,5039.0) 峰值(229,10620.0) 终点(242,4882.0)
A103: 43 | B103: 峰标注 | C103: 1 | D103: 60 | E103: 3586 | F103: 66 | G103: 4082 | H103: 72 | I103: 3956 | P103: sample_43_peak_1_(60-66-72).png | Q103: 20260120 | R103: 峰1：起点(60,3586.0) 峰值(66,4082.0) 终点(72,3956.0)
A104: 43 | B104: 峰标注 | C104: 2 | D104: 145 | E104: 4294 | F104: 149 | G104: 4504 | H104: 154 | I104: 4314 | P104: sample_43_peak_2_(145-149-154).png | Q104: 20260120 | R104: 峰2：起点(145,4294.0) 峰值(149,4504.0) 终点(154,4314.0)
A105: 43 | B105: 峰标注 | C105: 3 | D105: 198 | E105: 5064 | F105: 230 | G105: 11646 | H105: 245 | I105: 4897 | P105: sample_43_peak_3_(198-230-245).png | Q105: 20260120 | R105: 峰3：起点(198,5064.0) 峰值(230,11646.0) 终点(245,4897.0)
A106: 44 | B106: 峰标注 | C106: 1 | D106: 332 | E106: 6012 | F106: 341 | G106: 6541 | H106: 348 | I106: 6013 | P106: sample_44_peak_1_(332-341-348).png | Q106: 20260120 | R106: 峰1：起点(332,6012.0) 峰值(341,6541.0) 终点(348,6013.0)
... A112: 44 | B112: 峰标注 | C112: 7 | D112: 817 | E112: 5233 | F112: 837 | G112: 6146 | H112: 852 | I112: 5091 | P112: sample_44_peak_7_(817-837-852).png | Q112: 20260120 | R112: 峰7：起点(817,5233.0) 峰值(837,6146.0) 终点(852,5091.0)
A113: 44 | B113: 重叠峰标注 | C113: 1 | J113: 866 | K113: 4993 | L113: 922 | M113: 4537 | N113: 2 | O113: 330993 | P113: sample_44_overlap_1_(866-922).png | Q113: 20260120 | R113: 重叠峰1：起点(866,4993.0) 终点(922,4537.0) 总面积=330993.0000 重叠峰数量：2
A114: 45 | B114: 峰标注 | C114: 1 | D114: 148 | E114: 5512 | F114: 157 | G114: 6266 | H114: 161 | I114: 5953 | P114: sample_45_peak_1_(148-157-161).png | Q114: 20260120 | R114: 峰1：起点(148,5512.0) 峰值(157,6266.0) 终点(161,5953.0)
A115: 45 | B115: 重叠峰标注 | C115: 1 | J115: 876 | K115: 5374 | L115: 925 | M115: 4640 | N115: 2 | O115: 264840 | P115: sample_45_overlap_1_(876-925).png | Q115: 20260120 | R115: 重叠峰1：起点(876,5374.0) 终点(925,4640.0) 总面积=264840.0000 重叠峰数量：2
A116: 46 | B116: 重叠峰标注 | C116: 1 | J116: 300 | K116: 6643 | L116: 360 | M116: 6991 | N116: 2 | O116: 431406 | P116: sample_46_overlap_1_(300-360).png | Q116: 20260120 | R116: 重叠峰1：起点(300,6643.0) 终点(360,6991.0) 总面积=431406.0000 重叠峰数量：2
A117: 46 | B117: 峰标注 | C117: 1 | D117: 454 | E117: 6835 | F117: 473 | G117: 7054 | H117: 486 | I117: 6824 | P117: sample_46_peak_1_(454-473-486).png | Q117: 20260120 | R117: 峰1：起点(454,6835.0) 峰值(473,7054.0) 终点(486,6824.0)
A118: 46 | B118: 峰标注 | C118: 2 | D118: 876 | E118: 5822 | F118: 889 | G118: 6543 | H118: 899 | I118: 5306 | P118: sample_46_peak_2_(876-889-899).png | Q118: 20260120 | R118: 峰2：起点(876,5822.0) 峰值(889,6543.0) 终点(899,5306.0)
A119: 46 | B119: 峰标注 | C119: 3 | D119: 899 | E119: 5306 | F119: 910 | G119: 6390 | H119: 925 | I119: 5121 | P119: sample_46_peak_3_(899-910-925).png | Q119: 20260120 | R119: 峰3：起点(899,5306.0) 峰值(910,6390.0) 终点(925,5121.0)
A120: 47 | B120: 重叠峰标注 | C120: 1 | J120: 302 | K120: 6985 | L120: 355 | M120: 7570 | N120: 2 | O120: 426070 | P120: sample_47_overlap_1_(302-355).png | Q120: 20260120 | R120: 重叠峰1：起点(302,6985.0) 终点(355,7570.0) 总面积=426070.0000 重叠峰数量：2
A121: 47 | B121: 峰标注 | C121: 1 | D121: 451 | E121: 7167 | F121: 473 | G121: 7735 | H121: 491 | I121: 7065 | P121: sample_47_peak_1_(451-473-491).png | Q121: 20260120 | R121: 峰1：起点(451,7167.0) 峰值(473,7735.0) 终点(491,7065.0)
A122: 47 | B122: 重叠峰标注 | C122: 2 | J122: 875 | K122: 5983 | L122: 918 | M122: 5616 | N122: 2 | O122: 290514 | P122: sample_47_overlap_2_(875-918).png | Q122: 20260120 | R122: 重叠峰2：起点(875,5983.0) 终点(918,5616.0) 总面积=290514.0000 重叠峰数量：2
A123: 48 | B123: 重叠峰标注 | C123: 1 | J123: 302 | K123: 7434 | L123: 363 | M123: 7966 | N123: 2 | O123: 598016 | P123: sample_48_overlap_1_(302-363).png | Q123: 20260120 | R123: 重叠峰1：起点(302,7433.999999999999) 终点(363,7965.999999999999) 总面积=598016.0000 重叠峰数量：2
...

Sheet records_data
A1: sample | B1: type(single=1,overlap=2) | C1: left_edge | D1: right_edge | E1: location | F1: height | G1: area | H1: overlap_num
A2: =annot_records!A2 -> 1 | B2: =IF(annot_records!B2="峰标注",1,2) -> 1 | C2: =IF(B2=1,annot_records!D2,annot_records!J2) -> 211 | D2: =IF(B2=1,annot_records!H2,annot_records!L2) -> 229 | E2: =IF(B2=1,annot_records!F2,-1) -> 216 | F2: =IF(B2=1,annot_records!G2-(annot_records!E2+annot_records!I2)/2,-1) -> 1012.5 | G2: =IF(B2=2,annot_records!O2-(annot_records!M2+annot_records!K2)*(annot_records!L2-annot_records!J2)/2,-1) -> -1 | H2: =IF(B2=2,annot_records!N2,-1) -> -1
A3: =annot_records!A3 -> 1 | B3: =IF(annot_records!B3="峰标注",1,2) -> 2 | C3: =IF(B3=1,annot_records!D3,annot_records!J3) -> 397 | D3: =IF(B3=1,annot_records!H3,annot_records!L3) -> 433 | E3: =IF(B3=1,annot_records!F3,-1) -> -1 | F3: =IF(B3=1,annot_records!G3-(annot_records!E3+annot_records!I3)/2,-1) -> -1 | G3: =IF(B3=2,annot_records!O3-(annot_records!M3+annot_records!K3)*(annot_records!L3-annot_records!J3)/2,-1) -> 6992 | H3: =IF(B3=2,annot_records!N3,-1) -> 3
A4: =annot_records!A4 -> 1 | B4: =IF(annot_records!B4="峰标注",1,2) -> 1 | C4: =IF(B4=1,annot_records!D4,annot_records!J4) -> 526 | D4: =IF(B4=1,annot_records!H4,annot_records!L4) -> 560 | E4: =IF(B4=1,annot_records!F4,-1) -> 544 | F4: =IF(B4=1,annot_records!G4-(annot_records!E4+annot_records!I4)/2,-1) -> 459.5 | G4: =IF(B4=2,annot_records!O4-(annot_records!M4+annot_records!K4)*(annot_records!L4-annot_records!J4)/2,-1) -> -1 | H4: =IF(B4=2,annot_records!N4,-1) -> -1
A5: =annot_records!A5 -> 2 | B5: =IF(annot_records!B5="峰标注",1,2) -> 1 | C5: =IF(B5=1,annot_records!D5,annot_records!J5) -> 210 | D5: =IF(B5=1,annot_records!H5,annot_records!L5) -> 228 | E5: =IF(B5=1,annot_records!F5,-1) -> 215 | F5: =IF(B5=1,annot_records!G5-(annot_records!E5+annot_records!I5)/2,-1) -> 1677 | G5: =IF(B5=2,annot_records!O5-(annot_records!M5+annot_records!K5)*(annot_records!L5-annot_records!J5)/2,-1) -> -1 | H5: =IF(B5=2,annot_records!N5,-1) -> -1
A6: =annot_records!A6 -> 2 | B6: =IF(annot_records!B6="峰标注",1,2) -> 2 | C6: =IF(B6=1,annot_records!D6,annot_records!J6) -> 399 | D6: =IF(B6=1,annot_records!H6,annot_records!L6) -> 422 | E6: =IF(B6=1,annot_records!F6,-1) -> -1 | F6: =IF(B6=1,annot_records!G6-(annot_records!E6+annot_records!I6)/2,-1) -> -1 | G6: =IF(B6=2,annot_records!O6-(annot_records!M6+annot_records!K6)*(annot_records!L6-annot_records!J6)/2,-1) -> 4267 | H6: =IF(B6=2,annot_records!N6,-1) -> 2
A7: =annot_records!A7 -> 2 | B7: =IF(annot_records!B7="峰标注",1,2) -> 1 | C7: =IF(B7=1,annot_records!D7,annot_records!J7) -> 524 | D7: =IF(B7=1,annot_records!H7,annot_records!L7) -> 565 | E7: =IF(B7=1,annot_records!F7,-1) -> 543 | F7: =IF(B7=1,annot_records!G7-(annot_records!E7+annot_records!I7)/2,-1) -> 916 | G7: =IF(B7=2,annot_records!O7-(annot_records!M7+annot_records!K7)*(annot_records!L7-annot_records!J7)/2,-1) -> -1 | H7: =IF(B7=2,annot_records!N7,-1) -> -1
A8: =annot_records!A8 -> 3 | B8: =IF(annot_records!B8="峰标注",1,2) -> 2 | C8: =IF(B8=1,annot_records!D8,annot_records!J8) -> 202 | D8: =IF(B8=1,annot_records!H8,annot_records!L8) -> 236 | E8: =IF(B8=1,annot_records!F8,-1) -> -1 | F8: =IF(B8=1,annot_records!G8-(annot_records!E8+annot_records!I8)/2,-1) -> -1 | G8: =IF(B8=2,annot_records!O8-(annot_records!M8+annot_records!K8)*(annot_records!L8-annot_records!J8)/2,-1) -> 16421 | H8: =IF(B8=2,annot_records!N8,-1) -> 4
A9: =annot_records!A9 -> 3 | B9: =IF(annot_records!B9="峰标注",1,2) -> 2 | C9: =IF(B9=1,annot_records!D9,annot_records!J9) -> 402 | D9: =IF(B9=1,annot_records!H9,annot_records!L9) -> 434 | E9: =IF(B9=1,annot_records!F9,-1) -> -1 | F9: =IF(B9=1,annot_records!G9-(annot_records!E9+annot_records!I9)/2,-1) -> -1 | G9: =IF(B9=2,annot_records!O9-(annot_records!M9+annot_records!K9)*(annot_records!L9-annot_records!J9)/2,-1) -> 13308 | H9: =IF(B9=2,annot_records!N9,-1) -> 2
A10: =annot_records!A10 -> 3 | B10: =IF(annot_records!B10="峰标注",1,2) -> 1 | C10: =IF(B10=1,annot_records!D10,annot_records!J10) -> 525 | D10: =IF(B10=1,annot_records!H10,annot_records!L10) -> 570 | E10: =IF(B10=1,annot_records!F10,-1) -> 542 | F10: =IF(B10=1,annot_records!G10-(annot_records!E10+annot_records!I10)/2,-1) -> 504.5 | G10: =IF(B10=2,annot_records!O10-(annot_records!M10+annot_records!K10)*(annot_records!L10-annot_records!J10)/2,-1) -> -1 | H10: =IF(B10=2,annot_records!N10,-1) -> -1
A11: =annot_records!A11 -> 4 | B11: =IF(annot_records!B11="峰标注",1,2) -> 1 | C11: =IF(B11=1,annot_records!D11,annot_records!J11) -> 210 | D11: =IF(B11=1,annot_records!H11,annot_records!L11) -> 225 | E11: =IF(B11=1,annot_records!F11,-1) -> 215 | F11: =IF(B11=1,annot_records!G11-(annot_records!E11+annot_records!I11)/2,-1) -> 1007.5 | G11: =IF(B11=2,annot_records!O11-(annot_records!M11+annot_records!K11)*(annot_records!L11-annot_records!J11)/2,-1) -> -1 | H11: =IF(B11=2,annot_records!N11,-1) -> -1
A12: =annot_records!A12 -> 4 | B12: =IF(annot_records!B12="峰标注",1,2) -> 1 | C12: =IF(B12=1,annot_records!D12,annot_records!J12) -> 320 | D12: =IF(B12=1,annot_records!H12,annot_records!L12) -> 328 | E12: =IF(B12=1,annot_records!F12,-1) -> 323 | F12: =IF(B12=1,annot_records!G12-(annot_records!E12+annot_records!I12)/2,-1) -> 256.5 | G12: =IF(B12=2,annot_records!O12-(annot_records!M12+annot_records!K12)*(annot_records!L12-annot_records!J12)/2,-1) -> -1 | H12: =IF(B12=2,annot_records!N12,-1) -> -1
A13: =annot_records!A13 -> 4 | B13: =IF(annot_records!B13="峰标注",1,2) -> 1 | C13: =IF(B13=1,annot_records!D13,annot_records!J13) -> 525 | D13: =IF(B13=1,annot_records!H13,annot_records!L13) -> 569 | E13: =IF(B13=1,annot_records!F13,-1) -> 548 | F13: =IF(B13=1,annot_records!G13-(annot_records!E13+annot_records!I13)/2,-1) -> 1663.5 | G13: =IF(B13=2,annot_records!O13-(annot_records!M13+annot_records!K13)*(annot_records!L13-annot_records!J13)/2,-1) -> -1 | H13: =IF(B13=2,annot_records!N13,-1) -> -1
... A279: =annot_records!A279 -> 102 | B279: =IF(annot_records!B279="峰标注",1,2) -> 1 | C279: =IF(B279=1,annot_records!D279,annot_records!J279) -> 406 | D279: =IF(B279=1,annot_records!H279,annot_records!L279) -> 420 | E279: =IF(B279=1,annot_records!F279,-1) -> 416 | F279: =IF(B279=1,annot_records!G279-(annot_records!E279+annot_records!I279)/2,-1) -> 1357 | G279: =IF(B279=2,annot_records!O279-(annot_records!M279+annot_records!K279)*(annot_records!L279-annot_records!J279)/2,-1) -> -1 | H279: =IF(B279=2,annot_records!N279,-1) -> -1
